activation,lemma,present_phones,past_phones
7.17478609085083,ease,IY Z,IY Z D
4.769296169281006,ooze,UW Z,UW Z D
2.5557873249053955,eke,IY K,IY K T
2.46366286277771,ear,IY R,IH R D
2.4537148475646973,equalize,IY K W AH L AY Z,IY K W AH L AY Z D
2.4293224811553955,email,IY M EY L,IY M EY L D
2.4002716541290283,eat,IY T,EY T
1.675385594367981,even,IY V IH N,IY V AH N D
0.2969183623790741,ache,EY K,EY K T
0.20162265002727509,ace,EY S,EY S T
0.009303251281380653,scale,S K EY L,S K EY L D
