activation,lemma,present_phones,past_phones
7.376955986022949,cache,K AE SH,K AE SH T
7.376955986022949,cash,K AE SH,K AE SH T
5.340701103210449,bash,B AE SH,B AE SH T
2.0225753784179688,cop,K AA P,K AA P T
2.018284320831299,gush,G AH SH,G AH SH T
1.8990955352783203,cape,K EY P,K EY P T
1.8937909603118896,dash,D AE SH,D AE SH T
1.7721226215362549,cap,K AE P,K AE P T
1.223200798034668,hash,HH AE SH,HH AE SH T
