activation,lemma,present_phones,past_phones
4.774979591369629,near,N IH R,N IH R D
4.741281986236572,veer,V IH R,V IH R D
4.504891395568848,zero,Z IH R OW,Z IH R OW D
2.6542201042175293,whirl,W ER L,W ER L D
2.389157772064209,cheer,CH IH R,CH IH R D
1.957487940788269,worry,W ER IY,W ER IY D
1.7926431894302368,shear,SH IH R,SH IH R D
1.1969653367996216,wail,W EY L,W EY L D
