activation,lemma,present_phones,past_phones
5.978043556213379,tee,T IY,T IY D
4.283597469329834,wee,W IY,W IY D
2.2301669120788574,pee,P IY,P IY D
1.9018807411193848,weed,W IY D,W IY D IH D
1.7607111930847168,fee,F IY,F IY D
