activation,lemma,present_phones,past_phones
5.976017951965332,ear,IY R,IH R D
5.91575288772583,eat,IY T,EY T
5.37304162979126,it,IH T,IH T
3.64532732963562,produce,P R AH D UW S,P R AH D UW S T
2.5675268173217773,aim,EY M,EY M D
2.4341390132904053,overuse,OW V ER Y UW Z,OW V ER Y UW Z D
2.1446187496185303,eke,IY K,IY K T
2.056819438934326,pit,P IH T,P IH T IH D
0.8555749654769897,grain,G R EY N,G R EY N D
