activation,lemma,present_phones,past_phones
4.343977451324463,oar,AO R,AO R D
3.753089666366577,train,T R EY N,T R EY N D
3.6266958713531494,crane,K R EY N,K R EY N D
3.3193233013153076,grain,G R EY N,G R EY N D
2.9094159603118896,brain,B R EY N,B R EY N D
2.4702916145324707,ear,IY R,IH R D
1.936355471611023,drain,D R EY N,D R EY N D
