activation,lemma,present_phones,past_phones
8.466961860656738,come,K AH M,K EY M
8.466961860656738,cum,K AH M,K EY M
3.9345126152038574,cave,K EY V,K EY V D
3.5027263164520264,gum,G AH M,G AH M D
2.5084309577941895,bum,B AH M,B AH M D
1.804419994354248,gaze,G EY Z,G EY Z D
1.6657936573028564,cane,K EY N,K EY N D
1.5505802631378174,postmark,P OW S T M AA R K,P OW S T M AA R K T
1.1498007774353027,cuss,K AH S,K AH S T
