activation,lemma,present_phones,past_phones
5.755545616149902,wise,W AY Z,W AY Z D
4.444112300872803,whiz,W IH Z,W IH Z D
4.010939598083496,wage,W EY JH,W EY JH D
3.9798545837402344,wire,W AY ER,W AY ER D
3.8774142265319824,wane,W EY N,W EY N D
3.7038116455078125,waive,W EY V,W EY V D
3.7038116455078125,wave,W EY V,W EY V D
2.654548406600952,woo,W UW,W UW D
2.6163625717163086,wedge,W EH JH,W EH JH D
2.215057849884033,wine,W AY N,W AY N D
2.042271614074707,wing,W IH NG,W IH NG D
