activation,lemma,present_phones,past_phones
6.647459506988525,jade,JH EY D,JH EY D AH D
5.060354709625244,shade,SH EY D,SH EY D IH D
3.4636170864105225,move,M UW V,M UW V D
3.0886716842651367,shoe,SH UW,SH AA D
2.323448419570923,shoot,SH UW T,SH AA T
1.9743177890777588,shed,SH EH D,SH EH D
1.551339864730835,fade,F EY D,F EY D AH D
1.3297110795974731,shirt,SH ER T,SH ER T IH D
