activation,lemma,present_phones,past_phones
5.335686683654785,ball,B AO L,B AO L D
5.335686683654785,bawl,B AO L,B AO L D
4.066690921783447,call,K AO L,K AO L D
2.995450019836426,balk,B AO K,B AO K T
2.071760416030884,tell,T EH L,T OW L D
1.6503442525863647,beg,B EH G,B EH G D
1.3828617334365845,toll,T OW L,T OW L D
