activation,lemma,present_phones,past_phones
0.11977387964725494,foil,F OY L,F OY L D
0.09543827176094055,boil,B OY L,B OY L D
0.08450853824615479,fill,F IH L,F IH L D
0.08180047571659088,cobble,K AA B AH L,K AA B AH L D
0.08019353449344635,fail,F EY L,F EY L D
0.08019353449344635,faile,F EY L,F EY L D
0.07541322708129883,file,F AY L,F AY L D
0.07223264873027802,feel,F IY L,F EH L T
0.07030954957008362,fell,F EH L,F EH L D
