activation,lemma,present_phones,past_phones
0.1226106509566307,inlet,IH N L EH T,IH N L EH T
0.10890701413154602,farm,F AA R M,F AA R M D
0.10435952991247177,filter,F IH L T ER,F IH L T ER D
0.09588105976581573,cheer,CH IH R,CH IH R D
0.0958043783903122,near,N IH R,N IH R D
0.08439795672893524,shear,SH IH R,SH IH R D
0.07946581393480301,fill,F IH L,F IH L D
0.06804247200489044,fame,F EY M,F EY M D
