activation,lemma,present_phones,past_phones
2.8410561084747314,remark,R IH M AA R K,R IH M AA R K T
1.2994333505630493,tame,T EY M,T EY M D
1.0910459756851196,grill,G R IH L,G R IH L D
1.029453158378601,limb,L IH M,L IH M D
0.9364289045333862,loom,L UW M,L UW M D
0.8722497224807739,rim,R IH M,R IH M D
0.7909024953842163,chime,CH AY M,CH AY M D
0.6432753801345825,grin,G R IH N,G R IH N D
0.4690471589565277,grip,G R IH P,G R IH P T
