activation,lemma,present_phones,past_phones
4.162570953369141,bowe,B OW,B AW D
3.8786871433258057,show,SH OW,SH OW D
3.8777143955230713,mow,M OW,M OW D
3.798325300216675,go,G OW,W EH N T
3.349501371383667,doe,D OW,D IH D
3.232422113418579,know,N OW,N UW
2.6431078910827637,row,R OW,R OW D
2.4323182106018066,sew,S OW,S OW D
0.8476053476333618,bay,B EY,B EY D
0.669297456741333,wow,W AW,W AW D
0.5003972053527832,toe,T OW,T OW D
0.5003972053527832,tow,T OW,T OW D
0.2752014994621277,pay,P EY,P EY D
