activation,lemma,present_phones,past_phones
2.4231598377227783,bribe,B R AY B,B R AY B D
2.0686936378479004,drab,D R AE B,D R AE B D
2.037219524383545,crab,K R AE B,K R AE B D
1.8464630842208862,drub,D R AH B,D R AH B D
1.7455087900161743,blab,B L AE B,B L AE B D
1.6801334619522095,grab,G R AE B,G R AE B D
1.3965344429016113,club,K L AH B,K L AH B D
1.0595132112503052,probe,P R OW B,P R OW B D
0.6222240924835205,please,P L IY Z,P L IY Z D
