activation,lemma,present_phones,past_phones
0.3095357120037079,floor,F L AO R,F L AO R D
0.2758827209472656,up,AH P,AH P T
0.2682349383831024,unwrap,AH N R AE P,AH N R AE P T
0.26362165808677673,infer,IH N F ER,IH N F ER D
0.2589814364910126,flare,F L EH R,F L EH R D
0.25812098383903503,flaw,F L AO,F L AO D
0.25486043095588684,allure,AH L UH R,AH L UH R D
0.23536308109760284,farm,F AA R M,F AA R M D
0.23523886501789093,earn,ER N,ER N D
0.22216010093688965,age,EY JH,EY JH D
