activation,lemma,present_phones,past_phones
0.3136065900325775,loom,L UW M,L UW M D
0.31186845898628235,unite,Y UW N AY T,Y UW N AY T IH D
0.29128947854042053,use,Y UW S,Y UW Z D
0.28362998366355896,lose,L UW Z,L AO S T
0.27695778012275696,duke,D UW K,D UW K T
0.27455130219459534,zoom,Z UW M,Z UW M D
0.26891031861305237,shoe,SH UW,SH AA D
0.2643340229988098,do,D UW,D IH D
0.25769445300102234,loop,L UW P,L UW P T
0.2513970732688904,woo,W UW,W UW D
0.2420213669538498,dupe,D UW P,D UW P T
