activation,lemma,present_phones,past_phones
0.37251630425453186,blitz,B L IH T S,B L IH T S T
0.3139323890209198,hoist,HH OY S T,HH OY S T AH D
0.307137131690979,host,HH OW S T,HH OW S T IH D
0.28003063797950745,slit,S L IH T,S L IH T
0.27449676394462585,hear,HH IY R,HH ER D
0.267819881439209,feast,F IY S T,F IY S T IH D
0.25582414865493774,burst,B ER S T,B ER S T
0.24719569087028503,glut,G L AH T,G L AH T IH D
0.23542991280555725,quit,K W IH T,K W IH T
