activation,lemma,present_phones,past_phones
0.331490159034729,blur,B L ER,B L ER D
0.3102530241012573,polymerize,P AA L IH M ER AY Z,P AA L IH M ER AY Z D
0.2713583707809448,blow,B L OW,B L UW
0.264983594417572,bill,B IH L,B IH L D
0.24495898187160492,flay,F L EY,F L EY D
0.2363824099302292,bail,B EY L,B EY L D
0.2351323813199997,flow,F L OW,F L OW D
0.2351323813199997,flowe,F L OW,F L OW D
0.2195153683423996,glow,G L OW,G L OW D
