activation,lemma,present_phones,past_phones
3.265604257583618,grizzle,G R IH Z AH L,G R IH Z AH L D
2.7280702590942383,gain,G EY N,G EY N D
2.550144672393799,gauge,G EY JH,G EY JH D
2.349905490875244,mesh,M EH SH,M EH SH T
1.6226531267166138,stir,S T ER,S T ER D
1.4515889883041382,fell,F EH L,F EH L D
1.3360306024551392,bet,B EH T,B EH T
1.2191332578659058,frizzle,F R IH Z AH L,F R IH Z AH L D
1.128335952758789,vet,V EH T,V EH T IH D
1.1207470893859863,gaze,G EY Z,G EY Z D
