activation,lemma,present_phones,past_phones
1.8468384742736816,ice,AY S,AY S T
0.41658681631088257,jaw,JH AO,JH AO D
0.33727264404296875,thaw,TH AO,TH AO D
0.2967149019241333,ask,AE S K,AE S K T
0.17633062601089478,hawk,HH AO K,HH AO K T
0.17447763681411743,saw,S AO,S AO D
0.16851022839546204,walk,W AO K,W AO K T
0.13441962003707886,balk,B AO K,B AO K T
0.09375500679016113,hitch,HH IH CH,HH IH CH T
0.0937005877494812,paw,P AO,P AO D
0.0744568407535553,wee,W IY,W IY D
