activation,lemma,present_phones,past_phones
0.5690174102783203,bow,B AW,B AW D
0.40592777729034424,boo,B UW,B UW D
0.37297141551971436,buy,B AY,B AA T
0.3542344570159912,cow,K AW,K AW D
0.32858240604400635,bowe,B OW,B AW D
0.24909628927707672,wow,W AW,W AW D
0.22972692549228668,chew,CH UW,CH UW D
0.22870610654354095,coo,K UW,K UW D
0.15613003075122833,bay,B EY,B EY D
0.15319611132144928,woo,W UW,W UW D
