activation,lemma,present_phones,past_phones
6.185196399688721,eye,AY,AY D
6.01682186126709,owe,OW,OW D
5.213130950927734,er,ER,EH R D
4.931336879730225,awe,AA,AO D
0.8066044449806213,indenture,IH N D EH N CH ER,IH N D EH N CH ER D
0.26860103011131287,it,IH T,IH T
