activation,lemma,present_phones,past_phones
1.1252020597457886,cache,K AE SH,K AE SH T
1.1252020597457886,cash,K AE SH,K AE SH T
1.057562232017517,mash,M AE SH,M AE SH T
0.9949971437454224,bash,B AE SH,B AE SH T
0.3443751931190491,catch,K AE CH,K AA T
0.3152826726436615,patch,P AE CH,P AE CH T
0.30721527338027954,match,M AE CH,M AE CH T
0.2204565703868866,gas,G AE S,G AE S T
0.11531578749418259,mass,M AE S,M AE S T
