activation,lemma,present_phones,past_phones
3.8967676162719727,email,IY M EY L,IY M EY L D
3.7904934883117676,eat,IY T,EY T
3.7642829418182373,ear,IY R,IH R D
3.6317076683044434,even,IY V IH N,IY V AH N D
3.6119818687438965,eke,IY K,IY K T
3.393216609954834,ease,IY Z,IY Z D
2.6353049278259277,equalize,IY K W AH L AY Z,IY K W AH L AY Z D
2.2462000846862793,alienate,EY L Y AH N EY T,EY L IY AH N EY T IH D
0.6805015802383423,ache,EY K,EY K T
0.6600949764251709,ace,EY S,EY S T
