activation,lemma,present_phones,past_phones
0.7988354563713074,tire,T AY ER,T AY ER D
0.7621423006057739,wire,W AY ER,W AY ER D
0.6441417336463928,hire,HH AY ER,HH AY ER D
0.5457462072372437,wise,W AY Z,W AY Z D
0.3586115837097168,wipe,W AY P,W AY P T
0.27034467458724976,mire,M AY R,M AY R D
0.2132093608379364,tie,T AY,T AY D
