activation,lemma,present_phones,past_phones
1.7324806451797485,zoom,Z UW M,Z UW M D
1.709891676902771,zag,Z AE G,Z AE G D
1.6963454484939575,zone,Z OW N,Z OW N D
1.5848098993301392,zap,Z AE P,Z AE P T
1.5076667070388794,zip,Z IH P,Z IH P T
