activation,lemma,present_phones,past_phones
4.230625629425049,edge,EH JH,EH JH D
3.7090253829956055,adjudge,AH JH AH JH,AH JH AH JH D
3.461215019226074,urge,ER JH,ER JH D
3.0293211936950684,age,EY JH,EY JH D
3.0284202098846436,educate,EH JH AH K EY T,EH JH AH K EY T IH D
0.6448521018028259,etch,EH CH,EH CH T
0.485057532787323,edit,EH D AH T,EH D AH T AH D
0.4376082420349121,egg,EH G,EH G D
0.4376082420349121,egge,EH G,EH G D
