activation,lemma,present_phones,past_phones
0.07717381417751312,lag,L AE G,L AE G D
0.06728089600801468,caress,K ER EH S,K ER EH S T
0.06379467248916626,parole,P ER OW L,P ER OW L D
0.053041502833366394,lash,L AE SH,L AE SH T
0.0525704063475132,corral,K ER AE L,K ER AE L D
0.04651419445872307,mail,M EY L,M EY L D
0.04337448254227638,merce,M ER S,M ER S T
0.03950223699212074,tail,T EY L,T EY L D
