activation,lemma,present_phones,past_phones
0.1527017056941986,arrange,ER EY N JH,ER EY N JH D
0.13188838958740234,arraign,ER EY N,ER EY N D
0.10390100628137589,varnish,V AA R N IH SH,V AA R N IH SH T
0.07458513230085373,bone,B OW N,B OW N D
0.06354545801877975,bomb,B AA M,B AA M D
0.057755421847105026,bark,B AA R K,B AA R K T
0.05530744418501854,con,K AA N,K AA N D
0.05530744418501854,conn,K AA N,K AA N D
