activation,lemma,present_phones,past_phones
0.09019249677658081,lie,L AY,L EY
0.08487646281719208,toe,T OW,T OW D
0.08487646281719208,tow,T OW,T OW D
0.056601691991090775,define,D IH F AY N,D IH F AY N D
