activation,lemma,present_phones,past_phones
0.14936289191246033,email,IY M EY L,IY M EY L D
0.10413060337305069,amaze,AH M EY Z,AH M EY Z D
0.10307285934686661,enclose,IH N K L OW Z,EH N K L OW Z D
0.058593399822711945,trail,T R EY L,T R EY L D
0.046814270317554474,bake,B EY K,B EY K T
0.03838789463043213,make,M EY K,M EY D
0.03683875501155853,brace,B R EY S,B R EY S T
