activation,lemma,present_phones,past_phones
2.2266523838043213,ooze,UW Z,UW Z D
2.115072011947632,ease,IY Z,IY Z D
0.14081496000289917,ace,EY S,EY S T
0.05819781497120857,ray,R EY,R EY D
0.0473608635365963,recuse,R IH K Y UW Z,R IH K Y UW Z D
