activation,lemma,present_phones,past_phones
0.35048627853393555,dislike,D IH S L AY K,D IH S L AY K T
0.3074033856391907,dare,D EH R,D EH R D
0.3030884265899658,destroy,D IH S T R OY,D IH S T R OY D
0.26369962096214294,share,SH EH R,SH EH R D
0.26366502046585083,wear,W EH R,W AO R
0.25194498896598816,dice,D AY S,D AY S T
0.24278785288333893,near,N IH R,N IH R D
0.23974010348320007,shear,SH IH R,SH IH R D
0.2360016256570816,exhale,EH K S HH EY L,EH K S HH EY L D
