activation,lemma,present_phones,past_phones
0.25722137093544006,worry,W ER IY,W ER IY D
0.25015509128570557,wipe,W AY P,W AY P T
0.24464750289916992,voice,V OY S,V OY S T
0.23013044893741608,dive,D AY V,D AY V D
0.2299012988805771,firm,F ER M,F ER M D
0.2264929562807083,wire,W AY ER,W AY ER D
0.22445839643478394,rhyme,R AY M,R AY M D
