activation,lemma,present_phones,past_phones
0.28482910990715027,rough,R AH F,R AH F T
0.27130794525146484,huff,HH AH F,HH AH F T
0.26990312337875366,cuff,K AH F,K AH F T
0.26560544967651367,ree,R IY,R IY D
0.2522951662540436,key,K IY,K IY D
0.24613966047763824,cough,K AA F,K AO F T
0.24340732395648956,riff,R IH F,R IH F T
0.23984801769256592,see,S IY,S AO
0.23240941762924194,coiffe,K OY F,K OY F T
0.21845026314258575,knee,N IY,N IY D
