activation,lemma,present_phones,past_phones
0.3257850408554077,nosedive,N OW Z D AY V,N OW Z D AY V D
0.3114733099937439,mope,M OW P,M OW P T
0.2833569347858429,moan,M OW N,M OW N D
0.26918667554855347,rope,R OW P,R OW P T
0.2676197588443756,phone,F OW N,F OW N D
0.2528139352798462,nose,N OW Z,N OW Z D
0.24390743672847748,dope,D OW P,D OW P T
