activation,lemma,present_phones,past_phones
0.14788436889648438,pony,P OW N IY,P OW N IY D
0.11754105240106583,home,HH OW M,HH OW M D
0.1146303042769432,praise,P R EY Z,P R EY Z D
0.10888394713401794,purse,P ER S,P ER S T
0.10344754904508591,amend,AH M EH N D,AH M EH N D IH D
0.09929977357387543,stop,S T AA P,S T AA P T
0.09842575341463089,stalk,S T AO K,S T AO K T
0.09493433684110641,stain,S T EY N,S T EY N D
