activation,lemma,present_phones,past_phones
0.12343941628932953,account,AH K AW N T,AH K AW N T IH D
0.11854187399148941,baptize,B AE P T AY Z,B AE P T AY Z D
0.10896811634302139,relive,R IY L IH V,R IY L IH V D
0.10479041188955307,shaft,SH AE F T,SH AE F T IH D
0.09510919451713562,shell,SH EH L,SH EH L D
0.09469281882047653,ally,AE L AY,AH L AY D
0.07981681823730469,dry,D R AY,D R AY D
0.06785940378904343,cell,S EH L,S EH L D
0.06785940378904343,sell,S EH L,S OW L D
