activation,lemma,present_phones,past_phones
1.1627347469329834,age,EY JH,EY JH D
0.9898698925971985,edge,EH JH,EH JH D
0.9702903628349304,urge,ER JH,ER JH D
0.9632115960121155,adjudge,AH JH AH JH,AH JH AH JH D
0.09815405309200287,ace,EY S,EY S T
0.055692657828330994,shudder,SH AH D ER,SH AH D ER D
0.012605011463165283,wade,W EY D,W EY D IH D
