activation,lemma,present_phones,past_phones
7.1586689949035645,owe,OW,OW D
7.154987812042236,eye,AY,AY D
6.064691066741943,er,ER,EH R D
5.397116184234619,awe,AA,AO D
0.8012246489524841,encounter,IH N K AW N T ER,IH N K AW N T ER D
0.07140156626701355,ice,AY S,AY S T
