activation,lemma,present_phones,past_phones
1.6637486219406128,ease,IY Z,IY Z D
1.1066149473190308,ear,IY R,IH R D
1.0393096208572388,eat,IY T,EY T
1.0366894006729126,eke,IY K,IY K T
0.9325300455093384,email,IY M EY L,IY M EY L D
0.8928035497665405,even,IY V IH N,IY V AH N D
0.36623725295066833,inaugurate,IH N AO G Y ER IH T,IH N AO G ER EY T IH D
0.020017653703689575,scorch,S K AO R CH,S K AO R CH T
