activation,lemma,present_phones,past_phones
5.532847881317139,eye,AY,AY D
5.460472583770752,owe,OW,OW D
5.03665828704834,er,ER,EH R D
4.612920761108398,awe,AA,AO D
