activation,lemma,present_phones,past_phones
7.976352691650391,ease,IY Z,IY Z D
4.574846267700195,ooze,UW Z,UW Z D
3.6234312057495117,eke,IY K,IY K T
3.559453248977661,ear,IY R,IH R D
3.5069048404693604,eat,IY T,EY T
3.436706066131592,email,IY M EY L,IY M EY L D
3.09976863861084,equalize,IY K W AH L AY Z,IY K W AH L AY Z D
2.5571367740631104,even,IY V IH N,IY V AH N D
0.40788620710372925,ache,EY K,EY K T
0.07304757833480835,oar,AO R,AO R D
0.04935043305158615,scale,S K EY L,S K EY L D
