activation,lemma,present_phones,past_phones
4.267906665802002,mouth,M AW TH,M AW DH D
4.193431854248047,writhe,R IH TH,R IH TH D
3.674360752105713,hem,HH EH M,HH EH M D
3.3770360946655273,zoom,Z UW M,Z UW M D
2.8257017135620117,zone,Z OW N,Z OW N D
2.5541577339172363,goof,G UW F,G UW F T
1.9572396278381348,theme,TH IY M,TH IY M D
0.8174464106559753,loom,L UW M,L UW M D
