activation,lemma,present_phones,past_phones
4.476782321929932,toy,T OY,T OY D
4.335227012634277,egg,EH G,EH G D
4.335227012634277,egge,EH G,EH G D
4.032415390014648,worth,W ER TH,W ER TH
2.3537940979003906,wither,W IH DH ER,W IH DH ER D
2.234144687652588,wee,W IY,W IY D
2.1542158126831055,woo,W UW,W UW D
1.9629799127578735,wow,W AW,W AW D
1.5170224905014038,tee,T IY,T IY D
