activation,lemma,present_phones,past_phones
3.6550862789154053,sow,S AW,S AW D
3.6047284603118896,cow,K AW,K AW D
2.254385232925415,couch,K AW CH,K AW CH T
2.116940975189209,howl,HH AW L,HH AW L D
1.9330041408538818,bow,B AW,B AW D
1.2918429374694824,vow,V AW,V AW D
