activation,lemma,present_phones,past_phones
3.8711063861846924,tote,T OW T,T OW T IH D
3.7547247409820557,boat,B OW T,B OW T IH D
2.673701524734497,beat,B IY T,B IY T
2.389087438583374,right,R AY T,R AY T IH D
2.389087438583374,write,R AY T,R OW T
2.0363385677337646,bite,B AY T,B IH T
1.9031562805175781,light,L AY T,L IH T
1.8732810020446777,teach,T IY CH,T AO T
1.4650660753250122,note,N OW T,N OW T AH D
1.4151246547698975,bet,B EH T,B EH T
