activation,lemma,present_phones,past_phones
3.9821078777313232,peak,P IY K,P IY K T
3.9821078777313232,pique,P IY K,P IY K T
3.1288113594055176,perk,P ER K,P ER K T
2.8113129138946533,peep,P IY P,P IY P T
2.7598540782928467,push,P UH SH,P UH SH T
1.6205178499221802,pack,P AE K,P AE K T
1.5639382600784302,pee,P IY,P IY D
1.4309197664260864,pick,P IH K,P IH K T
1.1204994916915894,pock,P AA K,P AA K T
1.0566082000732422,heap,HH IY P,HH IY P T
